this feature can help me to be more critical towards the feeds I'm exposed to.,this feature have the potential to help limit misinformation in social media.,this feature might change my consuming habit of social media feeds,this feature might make it slower for me to consume the feeds.,I value more efficiency than accuracy when consuming social media feeds.,I will use this feature if it is available in the market.
4,5,4,5,2,4
4,4,3,3,1,4
4,3,3,4,1,5
5,5,5,5,2,5
4,2,4,4,2,3
3,5,4,3,1,5
5,5,4,4,1,4
5,5,5,5,5,5
4,3,4,4,2,4
4,4,3,5,4,4
